Kunde;Name;Firma;Straße;Postleitzahl;Land;
Borg;Paul Shaddock ;BORG Manufacturing;2 Wella Way;2250 Somersby NSW ;Australia;
Unilin;Thomas Deruyter;UNILIN, division panels;Ingelmunstersteenweg 229;8780 Oostrozebeke;Belgium;
Inserco Brasil;Jefferson Rocha;INSERCO Brasil Serviços Industriais Ltda;Avenida Francisco Nobre, 280 – Bloco 12 – Sala 02 /    CEP 13.212-241 – Medeiros – Jundiaí – SP - BRASIL;ka;Brasil;
Kronospan;Nikolay Bankov;Kronospan Bulgaria EOOD;Severozapadna Promishlena Zona;8000 Bourgas;Bulgaria;
Classen;Pohl;Classen Zentrale;Werner-von-Siemens-Str. 18-20;56759 Kaisersesch;Deutschland;
Classen;König;Classen Industries GmbH;An der Birkenpfuhlheide 6;15837 Baruth;Deutschland;
Classen;Buhlmann;Classen Industries GmbH;An der Birkenpfuhlheide 6;15837 Baruth;Deutschland;
Classen;Hoff;Classen Zentrale;Werner-von-Siemens-Str. 18-20;56759 Kaisersesch;Deutschland;
Classen;Kotthoff;Classen Industries GmbH  ;An der Birkenpfuhlheide 6;15837 Baruth;Deutschland;
Egger;Benjamin Krause;EGGER KUNSTSTOFFE GmbH & Co KG;Im Weilandmoor 2;38518 GIFHORN;Deutschland;
Egger;Bernd Tietge;EGGER KUNSTSTOFFE GmbH & Co KG;Im Weilandmoor 2;38518 GIFHORN;Deutschland;
Egger;Markus Schmidt;Egger Holzwerkstoffe Brilon GmbH & Co. KG;Im Kissen 19;59929 Brilon;Deutschland;
Egger;Veile;Egger Kunststoffe GmbH & Co. KG;Im Weilandmoor 2;38518 Gifhorn;Deutschland;
Egger;Nikolas Krämer;Egger Holzwerkstoffe Brilon GmbH & Co. KG;Im Kissen 19;59929 Brilon;Deutschland;
Egger;Marco Drochner;Egger Holzwerkstoffe Wismar GmbH & Co. KG;Am Haffeld 1;23970 Wismar;Deutschland;
Egger;Marcel Königsbauer;EGGER KUNSTSTOFFE GmbH & Co KG;Im Weilandmoor 2;38518 GIFHORN;Deutschland;
Egger;Daniel Beetz;Egger Holzwerkstoffe Wismar GmbH & Co. KG;Am Haffeld 1;23970 Wismar;Deutschland;
Egger;Andy Schwarz;Egger Holzwerkstoffe Wismar GmbH & Co. KG;Am Haffeld 1;23970 Wismar;Deutschland;
Glunz;Cornelius Volk;Glunz AG;Bahnhofstraße 57;32805 Horn - Bad Meinberg;Deutschland;
Hueck;Andreas Wiek;Hueck Engraving;Helmholtzstrasse 9;41747 Viersen;Deutschland;
Hueck;Adrian Miller;Hueck Engraving;Helmholtzstrasse 9;41747 Viersen;Deutschland;
Hueck;Dennis Wien;Hueck Engraving;Helmholtzstrasse 9;41747 Viersen;Deutschland;
Kronospan;Rainer Doehring;KRONOSPAN HPL;Mühlbacher Str. 1,;01561 Lampertswalde;Deutschland;
Kronospan;Mark Bircham;Kronospan;Kaethe-Kollwitz Str. 5a;83024 Rosenheim;Deutschland;
Pfleiderer;Otte;Pfleiderer Gütersloh GmbH;Carl-Bertelsmann-Str. 23;33332 Gütersloh;Deutschland;
Pfleiderer;Röhr;Pfleiderer Holzwerkstoffe GmbH;Westring 19-21;59759 Arnsberg;Deutschland;
Pfleiderer;Christiane Gebert;Pfleiderer Gütersloh GmbH;Carl-Bertelsmann-Str. 23;33332 Gütersloh;Deutschland;
Pfleiderer;Marcel Böckler;Pfleiderer Holzwerkstoffe GmbH;Westring 19-21;59759 Arnsberg;Deutschland;
Hanex;Mehmet TARAKCI;HANEX;Cevizli Mah. Bağdat Caddesi No: 520 – 526  Premium Dragos / Kat: 4  Nr: 45 ;34846  Maltepe;Istanbul;
Neodecortech;Ing. Giancarlo Bellucci;Neodecortech SpA ;Viale Europa unita snc / Frazione Casoli zona Industriale ;64032 ATRI;Italy;
Puricelli;Mr. Roberto Soffiatti;PURICELLI s.r.l.;Via Nuova Valassina, 3;23845 Costa Masnaga (LC;Italy;
BBTDC;Maze Kong;ka;ka;ka;China;
Cleaf;Simone Pirola;ka;ka;ka;ka;
Panolam;Stephen Canary ;Panolam Surface Systems ;1 Corporate Drive, Suite 725 | Shelton;CT 06484;ka;
Samara;Anna Denner;Samara plant of decorative laminates, LLC;ka;ka;ka;
Sashihiro;ka;ka;ka;ka;ka;
Polytec;Mr. Tang Yuen Hong;Polytec Laminates SBD.BHD;No.1, Jalan Teknologi Utama / Hawasan Perindustrian Mengkibo;8600 Kluang, Johor;Malaysia;
Polytec;Mr. Tang;Polytec Laminates Sdn Bhd;No.1, Jalan Teknologi Utama / Kawasan Perindustrian Mengkibol;8600 Kluang, Johor;Malaysia;
Kaindl;Gerhard Dürnberger;M. Kaindl KG / Kaindl Flooring GmbH;Oberst-Lepperdinger-Str. 3;A-5071 Wals ;Österreich;
Kronospan;Tomasz Tabor;KRONOSPAN HPL;Pustków-Osiedle 59E;39-206 Pustków;Polen;
Kronospan;Rainer Doehring;KRONOSPAN HPL;Pustków-Osiedle 59E;39-206 Pustków;Polen;
Kronospan;Marcin Kulaga;Kronospan Mielec Sp. z o.o. /Mielec Office;ul. Wojska Polskiego 3;39-300 Mielec;Polen;
HCWB;Denis Sijaric;Hartchromwerk Brunner AG;Martinsbruggstrasse 94;9016 St. Gallen;Switzerland;
Formica;Gavin Todd;Formica Group;11 Silver Fox Way;NE27 0QJ;United Kingdom;
Hazelett;Zach Centerbar;Hazelett Corporation;135 West Lakeshore Drive / PO Box 600 / Colchester;ka;Vermont 05446 USA;
